State,County,Total Owner occupied,Total Renter occupied
AL,Baldwin,0.7585144253759099,0.24148557462409012
AL,Calhoun,0.727521229638592,0.272478770361408
AL,Cullman,0.7596709458882468,0.24032905411175315
AL,DeKalb,0.7871812322350774,0.21281876776492253
AL,Elmore,0.7160209293633986,0.2839790706366015
AL,Etowah,0.733147397779298,0.266852602220702
AL,Houston,0.641109446638522,0.35889055336147807
AL,Jefferson,0.6440715610389899,0.3559284389610101
AL,Lauderdale,0.6692810457516339,0.330718954248366
AL,Lee,0.6478072389322723,0.3521927610677277
AL,Limestone,0.7477940272827823,0.2522059727172177
AL,Madison,0.7037138358471181,0.2962861641528819
AL,Marshall,0.7496597505763408,0.2503402494236591
AL,Mobile,0.641243717899155,0.358756282100845
AL,Montgomery,0.5968811886545392,0.40311881134546085
AL,Morgan,0.7371209891080365,0.26287901089196347
AL,St. Clair,0.7949113105490587,0.20508868945094128
AL,Shelby,0.811555708865126,0.1884442911348741
AL,Talladega,0.7293560325684678,0.2706439674315322
AL,Tuscaloosa,0.6176552010519759,0.3823447989480241
AK,Anchorage Municipality,0.6360326325010951,0.36396736749890496
AK,Fairbanks North Star Borough,0.5849393290506781,0.4150606709493219
AK,Matanuska-Susitna Borough,0.7899358489645584,0.21006415103544163
AZ,Apache,0.7846540880503144,0.21534591194968553
AZ,Cochise,0.7250760730301089,0.2749239269698911
AZ,Coconino,0.5852570495965183,0.41474295040348175
AZ,Maricopa,0.6583141787575657,0.3416858212424343
AZ,Mohave,0.7365182913728784,0.2634817086271216
AZ,Navajo,0.7516401826028388,0.24835981739716118
AZ,Pima,0.6463841458346801,0.35361585416531993
AZ,Pinal,0.8132391515909281,0.18676084840907187
AZ,Yavapai,0.755619005130493,0.24438099486950704
AZ,Yuma,0.7010976113948867,0.2989023886051133
AR,Benton,0.6848422850600171,0.3151577149399829
AR,Craighead,0.6463044611956573,0.3536955388043427
AR,Faulkner,0.6174608738684867,0.3825391261315133
AR,Garland,0.6940608883713193,0.30593911162868076
AR,Jefferson,0.6238743369381965,0.3761256630618035
AR,Lonoke,0.7560616929698709,0.24393830703012911
AR,Pulaski,0.5880418361417781,0.411958163858222
AR,Saline,0.7632816267481113,0.23671837325188877
AR,Sebastian,0.6324020826857321,0.36759791731426794
AR,Washington,0.6038102313733814,0.39618976862661853
AR,White,0.701181920365135,0.29881807963486495
CA,Alameda,0.5463016395668556,0.4536983604331444
CA,Butte,0.5844037712192544,0.41559622878074565
CA,Contra Costa,0.6688016328117407,0.3311983671882593
CA,El Dorado,0.7634730139235606,0.2365269860764394
CA,Fresno,0.5580791331676203,0.44192086683237974
CA,Humboldt,0.5769244708611192,0.42307552913888086
CA,Imperial,0.5777341219252231,0.4222658780747769
CA,Kern,0.5955336916840718,0.4044663083159282
CA,Kings,0.5392995387432492,0.4607004612567508
CA,Lake,0.671338089691322,0.3286619103086779
CA,Los Angeles,0.46451446815028025,0.5354855318497198
CA,Madera,0.6377588085724664,0.3622411914275336
CA,Marin,0.640590841378243,0.35940915862175704
CA,Mendocino,0.5807778717941237,0.41922212820587634
CA,Merced,0.5095272282180141,0.49047277178198595
CA,Monterey,0.5085420044436438,0.4914579955563562
CA,Napa,0.6812461233718161,0.31875387662818383
CA,Nevada,0.7438787225567609,0.25612127744323904
CA,Orange,0.5653480852549172,0.4346519147450828
CA,Placer,0.7402609894514092,0.25973901054859083
CA,Riverside,0.681809336361606,0.31819066363839393
CA,Sacramento,0.5834296414540457,0.41657035854595426
CA,San Benito,0.6954744669325849,0.3045255330674152
CA,San Bernardino,0.6183874341831761,0.38161256581682396
CA,San Diego,0.5432644019757571,0.4567355980242429
CA,San Francisco,0.40139853362067984,0.5986014663793202
CA,San Joaquin,0.6130832230311052,0.38691677696889476
CA,San Luis Obispo,0.6330330665328016,0.3669669334671984
CA,San Mateo,0.5899748234804172,0.4100251765195828
CA,Santa Barbara,0.5186383261374958,0.48136167386250417
CA,Santa Clara,0.5584505212936506,0.4415494787063494
CA,Santa Cruz,0.6039670066664612,0.39603299333353875
CA,Shasta,0.6088579979302436,0.3911420020697564
CA,Solano,0.6202249757323132,0.37977502426768683
CA,Sonoma,0.6278373017955149,0.3721626982044851
CA,Stanislaus,0.6156972372265497,0.38430276277345027
CA,Sutter,0.5714455504382707,0.42855444956172933
CA,Tehama,0.6670563674321504,0.3329436325678497
CA,Tulare,0.5728885823562606,0.42711141764373944
CA,Ventura,0.6518547971114168,0.3481452028885832
CA,Yolo,0.5396647753891,0.4603352246109
CA,Yuba,0.5841027843389879,0.4158972156610121
CO,Adams,0.7110854919873458,0.28891450801265417
CO,Arapahoe,0.654784615323087,0.345215384676913
CO,Boulder,0.6167970679979647,0.3832029320020353
CO,Broomfield,0.67099897218262,0.32900102781738005
CO,Denver,0.5034044220748606,0.4965955779251395
CO,Douglas,0.790645781646824,0.20935421835317605
CO,El Paso,0.671330203885417,0.328669796114583
CO,Jefferson,0.7061416127727532,0.2938583872272468
CO,Larimer,0.6410799155946175,0.3589200844053825
CO,Mesa,0.7197316446172174,0.2802683553827826
CO,Pueblo,0.6827209820782304,0.3172790179217696
CO,Weld,0.748682030426269,0.251317969573731
CT,Fairfield,0.6688592133142628,0.33114078668573715
CT,Hartford,0.662167490420392,0.3378325095796079
CT,Litchfield,0.7796150753508158,0.22038492464918424
CT,Middlesex,0.757010417114445,0.24298958288555503
CT,New Haven,0.6159919103724265,0.3840080896275735
CT,New London,0.6705993690851735,0.3294006309148265
CT,Tolland,0.6875901380399698,0.31240986196003023
CT,Windham,0.6921529175050302,0.30784708249496984
DE,Kent,0.7254264825345248,0.2745735174654752
DE,New Castle,0.681814475579594,0.31818552442040604
DE,Sussex,0.8182295595382456,0.1817704404617544
,District of Columbia,0.41599048706835856,0.5840095129316415
FL,Alachua,0.5650389595984804,0.43496104040151956
FL,Bay,0.6334934366041342,0.3665065633958658
FL,Brevard,0.7686600029884316,0.23133999701156838
FL,Broward,0.6327758571113326,0.36722414288866745
FL,Charlotte,0.8274823571717534,0.1725176428282465
FL,Citrus,0.839912698296445,0.16008730170355506
FL,Clay,0.75699424551635,0.24300575448365005
FL,Collier,0.7293083571729199,0.27069164282708014
FL,Columbia,0.712180068978036,0.28781993102196407
FL,Duval,0.5902422095933803,0.40975779040661975
FL,Escambia,0.6291699480233107,0.3708300519766892
FL,Flagler,0.8436092722103472,0.15639072778965282
FL,Hernando,0.8180423819281691,0.18195761807183086
FL,Highlands,0.7884590391196985,0.21154096088030153
FL,Hillsborough,0.6089693372692859,0.3910306627307141
FL,Indian River,0.7858919027067196,0.21410809729328037
FL,Lake,0.7774730718828906,0.22252692811710933
FL,Lee,0.7347300493656114,0.2652699506343887
FL,Leon,0.5421048730471163,0.4578951269528837
FL,Manatee,0.7633133561643836,0.23668664383561644
FL,Marion,0.785056054096652,0.214943945903348
FL,Martin,0.7954503076636211,0.2045496923363789
FL,Miami-Dade,0.5251625103661011,0.4748374896338989
FL,Monroe,0.6036088474970897,0.39639115250291035
FL,Nassau,0.79491508590724,0.20508491409275995
FL,Okaloosa,0.661798643738831,0.33820135626116904
FL,Orange,0.568472729543255,0.43152727045674505
FL,Osceola,0.6549313732843322,0.3450686267156679
FL,Palm Beach,0.7039014387510559,0.29609856124894407
FL,Pasco,0.7528514300617231,0.24714856993827697
FL,Pinellas,0.7043125503218215,0.29568744967817856
FL,Polk,0.6931373861083883,0.30686261389161174
FL,Putnam,0.7171846128002688,0.2828153871997312
FL,St. Johns,0.8018910276965927,0.19810897230340732
FL,St. Lucie,0.7843715472244447,0.2156284527755553
FL,Santa Rosa,0.808134184768969,0.1918658152310309
FL,Sarasota,0.7535952710054995,0.24640472899450047
FL,Seminole,0.6718373982012229,0.3281626017987771
FL,Sumter,0.8909756948482381,0.10902430515176183
FL,Volusia,0.7344499967124729,0.26555000328752715
FL,Walton,0.7740196222857311,0.22598037771426888
GA,Barrow,0.7871762601841426,0.21282373981585745
GA,Bartow,0.8217104079376912,0.17828959206230882
GA,Bibb,0.5579173674081523,0.4420826325918477
GA,Bulloch,0.5258544239034041,0.47414557609659597
GA,Carroll,0.697941129528717,0.302058870471283
GA,Catoosa,0.7221560452650387,0.27784395473496126
GA,Chatham,0.5860792543874145,0.4139207456125855
GA,Cherokee,0.7982663987282925,0.2017336012717075
GA,Clarke,0.39996746909564085,0.6000325309043592
GA,Clayton,0.5705277226138599,0.4294722773861401
GA,Cobb,0.669438364163488,0.330561635836512
GA,Columbia,0.8088827230450584,0.19111727695494157
GA,Coweta,0.7944158337669794,0.2055841662330205
GA,DeKalb,0.6037498950657162,0.39625010493428375
GA,Dougherty,0.4681211425290656,0.5318788574709344
GA,Douglas,0.654166909663498,0.345833090336502
GA,Effingham,0.7435502502887947,0.2564497497112052
GA,Fayette,0.8067019158140493,0.1932980841859507
GA,Floyd,0.6313634695202869,0.3686365304797131
GA,Forsyth,0.8471465741543799,0.15285342584562012
GA,Fulton,0.547566463916534,0.4524335360834661
GA,Glynn,0.6108621144213024,0.3891378855786976
GA,Gwinnett,0.6737540787705796,0.3262459212294204
GA,Hall,0.6867667761614266,0.31323322383857344
GA,Henry,0.763821224316882,0.236178775683118
GA,Houston,0.636454822001151,0.36354517799884895
GA,Jackson,0.7613564419119975,0.23864355808800253
GA,Liberty,0.3883096763388184,0.6116903236611816
GA,Lowndes,0.5302953100423138,0.46970468995768627
GA,Muscogee,0.4764283899689099,0.5235716100310901
GA,Newton,0.7753583042273877,0.2246416957726123
GA,Paulding,0.8532184403274451,0.14678155967255493
GA,Richmond,0.5166362318062194,0.4833637681937806
GA,Rockdale,0.6814821520171389,0.3185178479828611
GA,Spalding,0.6100949564134496,0.3899050435865504
GA,Troup,0.5858861326957562,0.4141138673042439
GA,Walker,0.7594527835835075,0.2405472164164925
GA,Walton,0.7432356573481531,0.2567643426518469
GA,Whitfield,0.6574721647177306,0.3425278352822693
HI,Hawaii,0.7336066709144804,0.26639332908551955
HI,Honolulu,0.5931622364260721,0.40683776357392787
HI,Kauai,0.6548755540402319,0.34512444595976816
HI,Maui,0.6708393259823505,0.3291606740176495
ID,Ada,0.7050113372907697,0.29498866270923035
ID,Bannock,0.6889471645260303,0.31105283547396967
ID,Bonneville,0.7323855028551451,0.2676144971448549
ID,Canyon,0.7382389587138761,0.2617610412861238
ID,Kootenai,0.7367310501541957,0.26326894984580423
ID,Twin Falls,0.6700475066305267,0.32995249336947335
IL,Champaign,0.538885196087741,0.46111480391225906
IL,Cook,0.5825534241603982,0.4174465758396018
IL,DeKalb,0.6156593688971117,0.3843406311028883
IL,DuPage,0.7336719532054335,0.2663280467945665
IL,Kane,0.7597136735595087,0.2402863264404913
IL,Kankakee,0.7208678693320332,0.2791321306679668
IL,Kendall,0.8536690191820485,0.1463309808179515
IL,Lake,0.7531050780391295,0.2468949219608705
IL,LaSalle,0.7079071422218269,0.29209285777817307
IL,McHenry,0.8350318580432995,0.16496814195670045
IL,McLean,0.6424931059873237,0.3575068940126763
IL,Macon,0.6890285558136358,0.31097144418636424
IL,Madison,0.7650658362017155,0.23493416379828444
IL,Peoria,0.6794356109801153,0.32056438901988477
IL,Rock Island,0.6987057005665676,0.30129429943343244
IL,St. Clair,0.6982390878030043,0.30176091219699575
IL,Sangamon,0.7171677683796527,0.2828322316203473
IL,Tazewell,0.7783111143312563,0.22168888566874367
IL,Vermilion,0.6946943841141794,0.30530561588582067
IL,Will,0.8340535191522698,0.16594648084773017
IL,Williamson,0.7219034392017836,0.27809656079821643
IL,Winnebago,0.6463628320119359,0.35363716798806405
IN,Allen,0.697325429726344,0.3026745702736559
IN,Bartholomew,0.7142813211144596,0.2857186788855403
IN,Boone,0.8012692527096407,0.1987307472903594
IN,Clark,0.7318804458357426,0.26811955416425737
IN,Delaware,0.6633316658329165,0.3366683341670835
IN,Elkhart,0.741447511410563,0.2585524885894371
IN,Floyd,0.7312779614860923,0.2687220385139078
IN,Grant,0.7229519398678916,0.2770480601321084
IN,Hamilton,0.756024346905599,0.24397565309440097
IN,Hancock,0.8111202963779431,0.1888797036220569
IN,Hendricks,0.7993794771182188,0.20062052288178125
IN,Howard,0.7156583629893238,0.28434163701067616
IN,Johnson,0.7852244188292872,0.21477558117071285
IN,Kosciusko,0.7732766551406909,0.2267233448593091
IN,Lake,0.7056736850865513,0.29432631491344874
IN,LaPorte,0.7371849464840603,0.2628150535159397
IN,Madison,0.7009089222778705,0.29909107772212945
IN,Marion,0.5701071907214535,0.4298928092785464
IN,Monroe,0.5713580421060056,0.42864195789399445
IN,Morgan,0.8526154878639872,0.14738451213601284
IN,Porter,0.7767263352181174,0.22327366478188262
IN,St. Joseph,0.6985599013784601,0.30144009862153986
IN,Tippecanoe,0.5540836450187011,0.4459163549812989
IN,Vanderburgh,0.6441835510951208,0.3558164489048791
IN,Vigo,0.6186758424299953,0.38132415757000476
IN,Wayne,0.6873204294571299,0.3126795705428701
IA,Black Hawk,0.6634538748123298,0.3365461251876703
IA,Dallas,0.6742160696720328,0.32578393032796715
IA,Dubuque,0.7479867595474532,0.2520132404525468
IA,Johnson,0.5921110585471688,0.4078889414528311
IA,Linn,0.7507482821128958,0.24925171788710426
IA,Polk,0.6735483553763705,0.32645164462362947
IA,Pottawattamie,0.6918797785394147,0.30812022146058526
IA,Scott,0.7023070097604259,0.2976929902395741
IA,Story,0.5590717299578059,0.4409282700421941
IA,Woodbury,0.7152466910252377,0.28475330897476225
KS,Butler,0.774047667549399,0.22595233245060092
KS,Douglas,0.5008139231093872,0.49918607689061273
KS,Johnson,0.6877579932097408,0.31224200679025915
KS,Leavenworth,0.6945232453359143,0.3054767546640857
KS,Riley,0.4950118423885739,0.5049881576114261
KS,Sedgwick,0.6300280865773658,0.36997191342263425
KS,Shawnee,0.6555641587013403,0.3444358412986597
KS,Wyandotte,0.6088618120182929,0.39113818798170713
KY,Boone,0.7747792146349156,0.22522078536508436
KY,Bullitt,0.8587107395332322,0.14128926046676782
KY,Campbell,0.7142491292767875,0.2857508707232125
KY,Christian,0.459809614093297,0.540190385906703
KY,Daviess,0.7339135916210057,0.26608640837899433
KY,Fayette,0.5393207612183514,0.4606792387816486
KY,Hardin,0.6029170763684037,0.3970829236315962
KY,Jefferson,0.6273255533004736,0.37267444669952643
KY,Kenton,0.7280566450722019,0.2719433549277981
KY,McCracken,0.7186557518311073,0.2813442481688927
KY,Madison,0.6216021302562965,0.37839786974370354
KY,Oldham,0.8519764140642062,0.14802358593579384
KY,Pulaski,0.7517738837273119,0.24822611627268806
KY,Warren,0.5581338406192907,0.44186615938070933
LA,Ascension Parish,0.7848074965197698,0.21519250348023022
LA,Bossier Parish,0.6314298433769072,0.3685701566230928
LA,Caddo Parish,0.5905944857786217,0.4094055142213782
LA,Calcasieu Parish,0.7505978101271134,0.24940218987288668
LA,East Baton Rouge Parish,0.5937483995424826,0.40625160045751746
LA,Iberia Parish,0.6941037735849057,0.30589622641509434
LA,Jefferson Parish,0.6363064942288972,0.36369350577110277
LA,Lafayette Parish,0.6664282722192139,0.3335717277807861
LA,Lafourche Parish,0.7850226968591745,0.21497730314082547
LA,Livingston Parish,0.7903387220939184,0.2096612779060816
LA,Orleans Parish,0.5258299911224162,0.47417000887758376
LA,Ouachita Parish,0.6018443354872228,0.39815566451277723
LA,Rapides Parish,0.6515649209792377,0.3484350790207623
LA,St. Landry Parish,0.6254928134604042,0.3745071865395958
LA,St. Tammany Parish,0.7976879170972446,0.20231208290275537
LA,Tangipahoa Parish,0.7107282380046078,0.2892717619953922
LA,Terrebonne Parish,0.8078688971724702,0.19213110282752976
ME,Androscoggin,0.6952701681670013,0.30472983183299873
ME,Aroostook,0.7239576439444076,0.2760423560555923
ME,Cumberland,0.7058325703778361,0.2941674296221639
ME,Kennebec,0.745218668104009,0.25478133189599095
ME,Penobscot,0.6995155941993552,0.30048440580064484
ME,York,0.7778058895354593,0.22219411046454068
MD,Allegany,0.6491326441212546,0.3508673558787454
MD,Anne Arundel,0.7460411260796929,0.25395887392030714
MD,Baltimore,0.6674425388462359,0.33255746115376406
MD,Calvert,0.866888274401365,0.13311172559863504
MD,Carroll,0.8521843487476816,0.14781565125231838
MD,Cecil,0.7806341463414634,0.21936585365853659
MD,Charles,0.7973302399085422,0.2026697600914578
MD,Frederick,0.7660992428991658,0.23390075710083424
MD,Harford,0.8001007944978062,0.19989920550219376
MD,Howard,0.7401323975909612,0.2598676024090389
MD,Montgomery,0.6570896713663374,0.34291032863366255
MD,Prince George's,0.6216793257966007,0.3783206742033993
MD,St. Mary's,0.7587337801226294,0.2412662198773706
MD,Washington,0.6356389603919289,0.3643610396080711
MD,Wicomico,0.625033886191685,0.37496611380831507
MD,Baltimore city,0.4845264771789126,0.5154735228210874
MA,Barnstable,0.8227301805543621,0.17726981944563797
MA,Berkshire,0.7011339046135203,0.2988660953864797
MA,Bristol,0.6172242657291751,0.38277573427082484
MA,Essex,0.6506878040597215,0.34931219594027846
MA,Franklin,0.7145914268782512,0.2854085731217489
MA,Hampden,0.6158151985434368,0.3841848014565632
MA,Hampshire,0.6816494167898801,0.31835058321011994
MA,Middlesex,0.6214123517969252,0.3785876482030748
MA,Norfolk,0.6841291548093849,0.3158708451906151
MA,Plymouth,0.7923932622077948,0.20760673779220523
MA,Suffolk,0.36290708850239645,0.6370929114976035
MA,Worcester,0.6699626613882765,0.3300373386117234
MI,Allegan,0.8804154769666585,0.11958452303334158
MI,Bay,0.775430342735287,0.224569657264713
MI,Berrien,0.7220667842588651,0.27793321574113494
MI,Calhoun,0.7321902696234247,0.2678097303765753
MI,Clinton,0.8142607909020418,0.18573920909795813
MI,Eaton,0.7330128276137093,0.2669871723862906
MI,Genesee,0.7073885464129367,0.29261145358706336
MI,Grand Traverse,0.762867050869446,0.2371329491305541
MI,Ingham,0.5971991844633354,0.4028008155366646
MI,Ionia,0.7982236199056564,0.20177638009434362
MI,Jackson,0.7494873823401198,0.2505126176598802
MI,Kalamazoo,0.6357414664622025,0.36425853353779747
MI,Kent,0.7093665544545067,0.29063344554549336
MI,Lapeer,0.8538624553662147,0.14613754463378523
MI,Lenawee,0.8082026537997588,0.19179734620024125
MI,Livingston,0.8823006501260449,0.11769934987395515
MI,Macomb,0.7526165397152601,0.24738346028473984
MI,Marquette,0.7019054598754122,0.29809454012458775
MI,Midland,0.7535610526612698,0.24643894733873015
MI,Monroe,0.814126092181765,0.18587390781823496
MI,Montcalm,0.8229943145925458,0.1770056854074542
MI,Muskegon,0.7517834197350348,0.2482165802649652
MI,Oakland,0.7312508130916715,0.2687491869083285
MI,Ottawa,0.799436594120587,0.20056340587941296
MI,Saginaw,0.7173283757143214,0.28267162428567866
MI,St. Clair,0.7854170436041252,0.2145829563958748
MI,Shiawassee,0.7726918443987812,0.22730815560121873
MI,Van Buren,0.806971922549812,0.193028077450188
MI,Washtenaw,0.6063647884773994,0.3936352115226006
MI,Wayne,0.6496134024326727,0.35038659756732726
MN,Anoka,0.7982404908882564,0.20175950911174362
MN,Blue Earth,0.6504492102593827,0.3495507897406173
MN,Carver,0.8153508881193792,0.1846491118806208
MN,Clay,0.6863470041164812,0.3136529958835188
MN,Crow Wing,0.7731416423449717,0.2268583576550283
MN,Dakota,0.7714181937479496,0.22858180625205043
MN,Hennepin,0.640243615979735,0.359756384020265
MN,Olmsted,0.7085316790024876,0.29146832099751235
MN,Ramsey,0.6188276048021863,0.3811723951978137
MN,Rice,0.7824130535346314,0.2175869464653686
MN,St. Louis,0.7271548097597457,0.2728451902402543
MN,Scott,0.815478880112784,0.184521119887216
MN,Sherburne,0.8649317750014394,0.13506822499856067
MN,Stearns,0.674977480375756,0.325022519624244
MN,Washington,0.8180646547094834,0.18193534529051658
MN,Wright,0.8145235361653272,0.18547646383467278
MS,DeSoto,0.7890844764086652,0.21091552359133486
MS,Forrest,0.5306209150326797,0.4693790849673203
MS,Harrison,0.5887299320397912,0.4112700679602088
MS,Hinds,0.5565572600393117,0.4434427399606883
MS,Jackson,0.7591429173101222,0.24085708268987785
MS,Jones,0.7772909044499277,0.22270909555007232
MS,Lamar,0.69320305200872,0.30679694799128
MS,Lauderdale,0.6440521763788459,0.3559478236211541
MS,Lee,0.6774647026465375,0.3225352973534625
MS,Madison,0.6972367122515156,0.30276328774848443
MS,Rankin,0.7810632116739573,0.2189367883260427
MO,Boone,0.5900367823444747,0.40996321765552535
MO,Buchanan,0.623687526249475,0.376312473750525
MO,Cape Girardeau,0.6876219512195122,0.3123780487804878
MO,Cass,0.8059299827671679,0.1940700172328321
MO,Christian,0.778344471802087,0.221655528197913
MO,Clay,0.6745088696308208,0.32549113036917915
MO,Cole,0.6916875550436963,0.3083124449563038
MO,Franklin,0.7925958209244328,0.20740417907556719
MO,Greene,0.5950177881605668,0.4049822118394332
MO,Jackson,0.5965606588219762,0.4034393411780239
MO,Jasper,0.6489846230987799,0.35101537690122014
MO,Jefferson,0.8115442650271378,0.1884557349728622
MO,Platte,0.6751927038725956,0.32480729612740444
MO,St. Charles,0.8074119576712875,0.19258804232871246
MO,St. Francois,0.660207750699161,0.339792249300839
MO,St. Louis,0.7032310885999908,0.2967689114000092
MO,St. Louis city,0.4555232724566325,0.5444767275433675
MT,Cascade,0.6569104743025391,0.3430895256974609
MT,Flathead,0.7850582750582751,0.21494172494172495
MT,Gallatin,0.6314042134601197,0.36859578653988034
MT,Lewis and Clark,0.681780312740323,0.31821968725967703
MT,Missoula,0.5747637469445888,0.4252362530554112
MT,Yellowstone,0.7073085897305836,0.29269141026941636
NE,Douglas,0.6254267151194802,0.3745732848805198
NE,Lancaster,0.607896999627141,0.3921030003728589
NE,Sarpy,0.7034434196719501,0.29655658032804993
NV,Clark,0.5666525028415442,0.4333474971584557
NV,Washoe,0.5988243493015787,0.40117565069842137
NH,Cheshire,0.7456307931790844,0.25436920682091557
NH,Grafton,0.7009574135628853,0.2990425864371147
NH,Hillsborough,0.6774072507876759,0.32259274921232406
NH,Merrimack,0.7294876815418929,0.270512318458107
NH,Rockingham,0.7717427003018408,0.22825729969815925
NH,Strafford,0.6839072733209134,0.31609272667908656
NJ,Atlantic,0.6696230598669624,0.3303769401330377
NJ,Bergen,0.6650058233673266,0.33499417663267334
NJ,Burlington,0.7741486076913892,0.22585139230861087
NJ,Camden,0.6531433002913133,0.3468566997086867
NJ,Cape May,0.7810683585755219,0.2189316414244781
NJ,Cumberland,0.6544921403782269,0.3455078596217731
NJ,Essex,0.4455657103515861,0.5544342896484139
NJ,Gloucester,0.8060212262893104,0.19397877371068958
NJ,Hudson,0.3224897260273973,0.6775102739726028
NJ,Hunterdon,0.8689854168291351,0.13101458317086484
NJ,Mercer,0.6308328123914705,0.36916718760852957
NJ,Middlesex,0.6470335996049781,0.3529664003950219
NJ,Monmouth,0.7573842018361796,0.2426157981638204
NJ,Morris,0.7534522185981634,0.2465477814018367
NJ,Ocean,0.8050021600425362,0.19499783995746378
NJ,Passaic,0.5204870582786918,0.47951294172130826
NJ,Salem,0.7182557161734674,0.28174428382653266
NJ,Somerset,0.767853733417851,0.23214626658214893
NJ,Sussex,0.8670342198853098,0.1329657801146902
NJ,Union,0.5711249702073568,0.4288750297926432
NJ,Warren,0.7339115051884452,0.26608849481155483
NM,Bernalillo,0.6358258674193944,0.36417413258060555
NM,Doña Ana,0.631420472589125,0.36857952741087496
NM,Lea,0.6947929479294793,0.3052070520705207
NM,McKinley,0.75822234951549,0.24177765048451
NM,Otero,0.6802030456852792,0.3197969543147208
NM,Sandoval,0.8343658988615303,0.16563410113846969
NM,San Juan,0.7115120947997258,0.28848790520027423
NM,Santa Fe,0.7441840574751967,0.2558159425248033
NM,Valencia,0.8034632034632034,0.19653679653679654
NY,Albany,0.5947371208510187,0.40526287914898124
NY,Bronx,0.19592911122618217,0.8040708887738178
NY,Broome,0.6523468952777909,0.34765310472220906
NY,Cattaraugus,0.7626988514219029,0.23730114857809717
NY,Cayuga,0.7056680661891825,0.29433193381081746
NY,Chautauqua,0.702339192256467,0.297660807743533
NY,Chemung,0.6801762363374474,0.3198237636625526
NY,Clinton,0.7205256940342587,0.2794743059657413
NY,Dutchess,0.7263549820181934,0.2736450179818066
NY,Erie,0.6685857533848427,0.33141424661515734
NY,Jefferson,0.5623714732253023,0.4376285267746977
NY,Kings,0.30280236518184034,0.6971976348181597
NY,Madison,0.7921641496006958,0.2078358503993042
NY,Monroe,0.6483694646625878,0.3516305353374122
NY,Nassau,0.8391583886891341,0.160841611310866
NY,New York,0.2498444226010914,0.7501555773989086
NY,Niagara,0.7149986259961528,0.28500137400384723
NY,Oneida,0.6717252310625127,0.3282747689374873
NY,Onondaga,0.6508994003997335,0.3491005996002665
NY,Ontario,0.7300397000441111,0.2699602999558888
NY,Orange,0.7066973924295403,0.2933026075704597
NY,Oswego,0.7467180973489046,0.2532819026510954
NY,Putnam,0.8290109765114031,0.17098902348859693
NY,Queens,0.4564729994175604,0.5435270005824395
NY,Rensselaer,0.6374433622856799,0.3625566377143201
NY,Richmond,0.6982642508286387,0.3017357491713613
NY,Rockland,0.6981258953892934,0.3018741046107067
NY,St. Lawrence,0.7083550049647738,0.29164499503522623
NY,Saratoga,0.7344900524813921,0.26550994751860796
NY,Schenectady,0.6511433268569721,0.34885667314302793
NY,Steuben,0.7452151898734177,0.2547848101265823
NY,Suffolk,0.8285968774355358,0.1714031225644642
NY,Sullivan,0.639429432198961,0.3605705678010391
NY,Tompkins,0.535136836897614,0.46486316310238596
NY,Ulster,0.7441008354096439,0.25589916459035617
NY,Warren,0.7109219953580679,0.2890780046419321
NY,Wayne,0.7851633276388673,0.21483667236113269
NY,Westchester,0.6445541997546645,0.3554458002453354
NC,Alamance,0.651918722870369,0.34808127712963094
NC,Brunswick,0.840886480860768,0.15911351913923197
NC,Buncombe,0.6509425240125327,0.3490574759874673
NC,Burke,0.7213867652412557,0.2786132347587443
NC,Cabarrus,0.7448085349590399,0.2551914650409602
NC,Caldwell,0.7356748466257669,0.2643251533742331
NC,Carteret,0.7641962797083919,0.2358037202916081
NC,Catawba,0.6887655127367733,0.31123448726322667
NC,Chatham,0.8034568215034632,0.19654317849653682
NC,Cleveland,0.7464264443120905,0.25357355568790946
NC,Craven,0.6563990602529723,0.3436009397470277
NC,Cumberland,0.5224945726647061,0.47750542733529383
NC,Davidson,0.739165220016605,0.260834779983395
NC,Durham,0.5472970533657768,0.4527029466342231
NC,Forsyth,0.6467929608616213,0.3532070391383787
NC,Franklin,0.7912248491888044,0.20877515081119563
NC,Gaston,0.6676604942872659,0.33233950571273413
NC,Guilford,0.6315400754560765,0.3684599245439235
NC,Harnett,0.6542629401674906,0.34573705983250935
NC,Henderson,0.7638024573161002,0.23619754268389978
NC,Iredell,0.7352588719121933,0.26474112808780675
NC,Johnston,0.7896435399997564,0.21035646000024358
NC,Lincoln,0.8052308792387448,0.1947691207612552
NC,Mecklenburg,0.5647374024749969,0.43526259752500307
NC,Moore,0.7380722780915645,0.2619277219084355
NC,Nash,0.6473217807462726,0.35267821925372744
NC,New Hanover,0.5955263005724639,0.4044736994275361
NC,Onslow,0.6301883179934629,0.36981168200653713
NC,Orange,0.6650551872456143,0.33494481275438565
NC,Pitt,0.4949588504591283,0.5050411495408716
NC,Randolph,0.7495889039822693,0.25041109601773076
NC,Robeson,0.6547818695582256,0.34521813044177446
NC,Rockingham,0.7224084613185728,0.2775915386814272
NC,Rowan,0.7248351571268238,0.2751648428731762
NC,Surry,0.7395850512913547,0.2604149487086453
NC,Union,0.8164302756363375,0.18356972436366253
NC,Wake,0.6498996387905736,0.35010036120942645
NC,Wayne,0.5842282451206,0.4157717548794
NC,Wilkes,0.6753828912962271,0.32461710870377286
NC,Wilson,0.5725629791894852,0.42743702081051477
ND,Burleigh,0.7121771217712177,0.2878228782287823
ND,Cass,0.5089480784613364,0.49105192153866356
ND,Grand Forks,0.49239214175654855,0.5076078582434514
ND,Ward,0.6073623893036986,0.39263761069630143
OH,Allen,0.6601253016747519,0.339874698325248
OH,Ashtabula,0.7123387197795316,0.2876612802204685
OH,Belmont,0.7203606812868752,0.2796393187131248
OH,Butler,0.7258262185311214,0.2741737814688786
OH,Clark,0.7041376528160244,0.2958623471839756
OH,Clermont,0.7034042199503675,0.2965957800496325
OH,Columbiana,0.7416132725899579,0.25838672741004215
OH,Cuyahoga,0.5839568701441249,0.4160431298558751
OH,Delaware,0.7941964285714286,0.20580357142857142
OH,Erie,0.6731154710563081,0.3268845289436919
OH,Fairfield,0.7379384131866662,0.2620615868133338
OH,Franklin,0.5322644342326767,0.46773556576732334
OH,Geauga,0.872738562275973,0.12726143772402698
OH,Greene,0.7138539117100646,0.28614608828993543
OH,Hamilton,0.5954607915764235,0.4045392084235765
OH,Hancock,0.740853181434071,0.2591468185659291
OH,Lake,0.7805680568056805,0.21943194319431944
OH,Licking,0.7617361018875164,0.23826389811248358
OH,Lorain,0.7204093562568566,0.27959064374314335
OH,Lucas,0.6282234218593169,0.37177657814068304
OH,Mahoning,0.699658323561522,0.30034167643847803
OH,Marion,0.6905880447108376,0.3094119552891625
OH,Medina,0.8236124762919995,0.1763875237080005
OH,Miami,0.741297612538728,0.2587023874612721
OH,Montgomery,0.6243170904857862,0.3756829095142138
OH,Muskingum,0.6519955130475853,0.3480044869524147
OH,Portage,0.698301001648282,0.30169899835171804
OH,Richland,0.6844517118863049,0.31554828811369506
OH,Ross,0.6800654664484451,0.3199345335515548
OH,Scioto,0.6721341286005237,0.32786587139947626
OH,Stark,0.6931157958119543,0.3068842041880457
OH,Summit,0.6718850956081376,0.3281149043918624
OH,Trumbull,0.7244644392363769,0.27553556076362307
OH,Tuscarawas,0.6701478647502843,0.32985213524971563
OH,Warren,0.8116582397422704,0.18834176025772964
OH,Wayne,0.7336876625579555,0.2663123374420446
OH,Wood,0.6408390727986374,0.35916092720136267
OK,Canadian,0.7637179021003238,0.23628209789967622
OK,Cleveland,0.645838714676861,0.3541612853231389
OK,Comanche,0.5233813752175271,0.4766186247824729
OK,Creek,0.7536257454391475,0.24637425456085255
OK,Muskogee,0.6843443096476025,0.31565569035239743
OK,Oklahoma,0.5840637401137249,0.41593625988627514
OK,Payne,0.5156165773535847,0.4843834226464153
OK,Pottawatomie,0.714296435272045,0.285703564727955
OK,Rogers,0.7795337149239145,0.22046628507608543
OK,Tulsa,0.5967298520330196,0.4032701479669803
OK,Wagoner,0.7993246344502,0.2006753655498
OR,Benton,0.5226175349428208,0.4773824650571792
OR,Clackamas,0.7336688381858039,0.2663311618141962
OR,Deschutes,0.7487554170695891,0.2512445829304108
OR,Douglas,0.7096844348752746,0.29031556512472545
OR,Jackson,0.6828126892542146,0.3171873107457855
OR,Josephine,0.6730784927220786,0.32692150727792135
OR,Klamath,0.6769246746053724,0.3230753253946275
OR,Lane,0.6088862248529577,0.3911137751470423
OR,Linn,0.6706720937932109,0.3293279062067891
OR,Marion,0.6237541994403419,0.3762458005596581
OR,Multnomah,0.5480104303076252,0.45198956969237486
OR,Polk,0.660224382946896,0.33977561705310394
OR,Umatilla,0.6869013102359893,0.31309868976401073
OR,Washington,0.5891744965006528,0.4108255034993472
OR,Yamhill,0.7025751513286139,0.2974248486713861
PA,Adams,0.7920272095233332,0.20797279047666684
PA,Allegheny,0.6587658364658211,0.3412341635341789
PA,Armstrong,0.7860123758814218,0.21398762411857822
PA,Beaver,0.7624352694191743,0.23756473058082575
PA,Berks,0.7201543405229076,0.27984565947709233
PA,Blair,0.7798373330655688,0.22016266693443118
PA,Bucks,0.7667921425750236,0.23320785742497643
PA,Butler,0.7869490273331692,0.21305097266683082
PA,Cambria,0.7788289347539027,0.22117106524609736
PA,Carbon,0.7316672883252517,0.2683327116747482
PA,Centre,0.6565596856636183,0.34344031433638167
PA,Chester,0.7449705214974981,0.25502947850250185
PA,Clearfield,0.7954387076338296,0.2045612923661704
PA,Crawford,0.7747142509727627,0.22528574902723736
PA,Cumberland,0.7478428527794746,0.25215714722052535
PA,Dauphin,0.6584207335807943,0.3415792664192056
PA,Delaware,0.6906404617921935,0.3093595382078065
PA,Erie,0.6756179846419623,0.3243820153580376
PA,Fayette,0.7473118279569892,0.25268817204301075
PA,Franklin,0.7352491100336657,0.2647508899663343
PA,Indiana,0.7233280737953636,0.2766719262046365
PA,Lackawanna,0.6655605137381928,0.33443948626180714
PA,Lancaster,0.6923827613620676,0.30761723863793244
PA,Lawrence,0.7464035716254203,0.25359642837457974
PA,Lebanon,0.702218336793793,0.29778166320620697
PA,Lehigh,0.6397159110985478,0.36028408890145225
PA,Luzerne,0.6825962484716548,0.3174037515283452
PA,Lycoming,0.7185572710646081,0.28144272893539196
PA,Mercer,0.7165799447549303,0.2834200552450697
PA,Monroe,0.8148906792905154,0.18510932070948458
PA,Montgomery,0.7230796306018231,0.2769203693981769
PA,Northampton,0.725270154548791,0.27472984545120904
PA,Northumberland,0.7554926896332919,0.24450731036670809
PA,Philadelphia,0.5279526600002118,0.47204733999978815
PA,Schuylkill,0.7376314162028448,0.2623685837971552
PA,Somerset,0.7889404087240254,0.2110595912759746
PA,Washington,0.7995459884351283,0.2004540115648717
PA,Westmoreland,0.7776629416704347,0.22233705832956527
PA,York,0.7667553578016524,0.23324464219834767
RI,Kent,0.6934628733841655,0.3065371266158345
RI,Newport,0.6346480123202214,0.36535198767977867
RI,Providence,0.5721502254325709,0.4278497745674291
RI,Washington,0.7814003404633262,0.21859965953667382
SC,Aiken,0.7699036058550518,0.23009639414494823
SC,Anderson,0.7407150590611048,0.25928494093889515
SC,Beaufort,0.7411113588374929,0.25888864116250704
SC,Berkeley,0.7595922444716887,0.2404077555283113
SC,Charleston,0.6640879358967565,0.3359120641032434
SC,Dorchester,0.758860272097202,0.24113972790279797
SC,Florence,0.6589037370833657,0.3410962629166343
SC,Greenville,0.7088535460809201,0.29114645391907995
SC,Greenwood,0.6428114535124355,0.35718854648756443
SC,Horry,0.740826366670107,0.259173633329893
SC,Kershaw,0.8287029749724539,0.17129702502754604
SC,Lancaster,0.8222971221156339,0.1777028778843661
SC,Laurens,0.7682844243792325,0.2317155756207675
SC,Lexington,0.7770319423318564,0.22296805766814365
SC,Oconee,0.7676571730887929,0.2323428269112071
SC,Orangeburg,0.6356935378080395,0.3643064621919605
SC,Pickens,0.7026502038618355,0.2973497961381645
SC,Richland,0.6087259406059514,0.3912740593940486
SC,Spartanburg,0.7449956009561107,0.2550043990438892
SC,Sumter,0.6807899793938552,0.3192100206061448
SC,York,0.7331507575422943,0.26684924245770575
SD,Lincoln,0.7204968944099379,0.2795031055900621
SD,Minnehaha,0.6440836563817764,0.35591634361822355
SD,Pennington,0.7211638154484189,0.27883618455158116
TN,Anderson,0.7573026626752797,0.24269733732472035
TN,Blount,0.750045088915341,0.24995491108465895
TN,Bradley,0.6839976757699012,0.3160023242300988
TN,Davidson,0.5371150872821897,0.46288491271781024
TN,Greene,0.7945076088857792,0.20549239111422074
TN,Hamilton,0.644795485113004,0.35520451488699595
TN,Knox,0.64187538333149,0.35812461666851003
TN,Madison,0.6394412282909641,0.360558771709036
TN,Maury,0.7157520152993294,0.28424798470067053
TN,Montgomery,0.6149741517618397,0.38502584823816033
TN,Putnam,0.6071258766195174,0.3928741233804826
TN,Robertson,0.7660558880769655,0.23394411192303455
TN,Rutherford,0.7058321852653677,0.29416781473463227
TN,Sevier,0.7430051813471502,0.25699481865284973
TN,Shelby,0.553736705283516,0.44626329471648396
TN,Sullivan,0.7099151212138829,0.2900848787861171
TN,Sumner,0.7237011316872428,0.2762988683127572
TN,Washington,0.642056667606428,0.357943332393572
TN,Williamson,0.8237533641117651,0.17624663588823491
TN,Wilson,0.7643286645957091,0.2356713354042909
TX,Angelina,0.637562234925318,0.3624377650746819
TX,Bastrop,0.8004732946259047,0.19952670537409536
TX,Bell,0.5459013339828918,0.45409866601710824
TX,Bexar,0.5943424928247958,0.4056575071752042
TX,Bowie,0.6451612903225806,0.3548387096774194
TX,Brazoria,0.7383465663102177,0.26165343368978233
TX,Brazos,0.48804466420595677,0.5119553357940432
TX,Cameron,0.6470965270308102,0.3529034729691897
TX,Collin,0.6467121882894374,0.3532878117105625
TX,Comal,0.7347904795821463,0.26520952041785373
TX,Coryell,0.573943661971831,0.426056338028169
TX,Dallas,0.5053555568774089,0.4946444431225912
TX,Denton,0.6522833287153544,0.34771667128464556
TX,Ector,0.6723651607474014,0.3276348392525986
TX,Ellis,0.76230443638675,0.23769556361324992
TX,El Paso,0.6519212639108365,0.34807873608916357
TX,Fort Bend,0.7865095997121144,0.21349040028788552
TX,Galveston,0.676138491628636,0.32386150837136396
TX,Grayson,0.6744576377109187,0.32554236228908134
TX,Gregg,0.602039943548732,0.39796005645126803
TX,Guadalupe,0.7866284560523659,0.21337154394763408
TX,Harris,0.5472559394128022,0.45274406058719785
TX,Harrison,0.7856645789839944,0.21433542101600556
TX,Hays,0.6333527944376626,0.36664720556233743
TX,Henderson,0.7549729862475442,0.2450270137524558
TX,Hidalgo,0.6512595030491665,0.3487404969508336
TX,Hunt,0.6787614900822448,0.3212385099177552
TX,Jefferson,0.6195216602691188,0.3804783397308812
TX,Johnson,0.7706487612297553,0.22935123877024466
TX,Kaufman,0.7826814307336891,0.21731856926631085
TX,Liberty,0.8221577330146808,0.17784226698531921
TX,Lubbock,0.5623431096568262,0.43765689034317384
TX,McLennan,0.6104260031937362,0.38957399680626387
TX,Midland,0.7007509235148065,0.2992490764851935
TX,Montgomery,0.7417178310605571,0.2582821689394429
TX,Nueces,0.600090891995236,0.399909108004764
TX,Orange,0.787759793123264,0.21224020687673595
TX,Parker,0.8078343088698784,0.19216569113012158
TX,Potter,0.574338909875877,0.42566109012412306
TX,Randall,0.6823868764267639,0.3176131235732361
TX,Rockwall,0.8598489664115538,0.1401510335884462
TX,San Patricio,0.6431064914689155,0.35689350853108454
TX,Smith,0.6891653834308592,0.31083461656914074
TX,Starr,0.731551901336074,0.268448098663926
TX,Tarrant,0.5845965241033257,0.4154034758966743
TX,Taylor,0.5986886768856969,0.40131132311430306
TX,Tom Green,0.6802223393971351,0.31977766060286494
TX,Travis,0.5234758036527508,0.4765241963472492
TX,Victoria,0.6292003373874242,0.37079966261257585
TX,Walker,0.524247085492228,0.475752914507772
TX,Webb,0.6375714467166265,0.36242855328337353
TX,Wichita,0.628823541399197,0.3711764586008029
TX,Williamson,0.6793281397310574,0.32067186026894257
TX,Wise,0.8404842733854145,0.15951572661458546
UT,Cache,0.6479268660525767,0.3520731339474234
UT,Davis,0.7665331802767287,0.23346681972327132
UT,Salt Lake,0.6589627007182913,0.3410372992817087
UT,Tooele,0.8590763992338796,0.14092360076612045
UT,Utah,0.6889754862090621,0.3110245137909378
UT,Washington,0.7003671611102952,0.2996328388897048
UT,Weber,0.7362090686881522,0.2637909313118479
VT,Chittenden,0.6058249681888873,0.3941750318111127
VA,Albemarle,0.6844562451598628,0.3155437548401372
VA,Arlington,0.4389184102734418,0.5610815897265582
VA,Augusta,0.7793016630225933,0.22069833697740673
VA,Bedford,0.8254633649729017,0.17453663502709824
VA,Chesterfield,0.7593224075843316,0.2406775924156684
VA,Fairfax,0.6930477767496226,0.30695222325037747
VA,Fauquier,0.7344813478632797,0.2655186521367203
VA,Frederick,0.7508747578149851,0.2491252421850149
VA,Hanover,0.8291857879547713,0.17081421204522876
VA,Henrico,0.6555843397672128,0.34441566023278725
VA,James City,0.7790405666452028,0.22095943335479717
VA,Loudoun,0.7726846796068623,0.2273153203931377
VA,Montgomery,0.5448724732775955,0.4551275267224045
VA,Prince William,0.7648413196308345,0.23515868036916548
VA,Roanoke,0.7788350855651907,0.2211649144348093
VA,Rockingham,0.7995453288685448,0.20045467113145526
VA,Spotsylvania,0.821118036694738,0.17888196330526193
VA,Stafford,0.7889113258964456,0.21108867410355442
VA,York,0.7128486167936638,0.2871513832063361
VA,Alexandria city,0.43231422859046986,0.5676857714095301
VA,Chesapeake city,0.7372055109804047,0.2627944890195953
VA,Hampton city,0.5441982777882814,0.4558017222117186
VA,Lynchburg city,0.5205672758061102,0.47943272419388977
VA,Newport News city,0.471383035011421,0.528616964988579
VA,Norfolk city,0.4597217099061437,0.5402782900938563
VA,Portsmouth city,0.56134420848948,0.43865579151052
VA,Richmond city,0.4501696204305057,0.5498303795694943
VA,Roanoke city,0.5181486279590154,0.48185137204098455
VA,Suffolk city,0.7129176363587727,0.2870823636412273
VA,Virginia Beach city,0.6518615784434414,0.3481384215565586
WA,Benton,0.659931038969488,0.340068961030512
WA,Chelan,0.6052418096723869,0.3947581903276131
WA,Clallam,0.7560751157507262,0.24392488424927386
WA,Clark,0.6539070436625601,0.34609295633743986
WA,Cowlitz,0.6487593741320248,0.35124062586797516
WA,Franklin,0.7490427403497879,0.25095725965021215
WA,Grant,0.6116046328573035,0.3883953671426965
WA,Grays Harbor,0.6959672131147541,0.3040327868852459
WA,Island,0.795919501890149,0.20408049810985102
WA,King,0.5658790414408881,0.4341209585591119
WA,Kitsap,0.6955516499215219,0.3044483500784782
WA,Lewis,0.754395740465577,0.24560425953442297
WA,Mason,0.8266895670234862,0.17331043297651383
WA,Pierce,0.6539025737197556,0.34609742628024437
WA,Skagit,0.7113582574897539,0.2886417425102461
WA,Snohomish,0.6926064059673779,0.3073935940326221
WA,Spokane,0.6420658957415565,0.35793410425844346
WA,Thurston,0.6641407676684928,0.33585923233150716
WA,Whatcom,0.6051464448757848,0.39485355512421516
WA,Yakima,0.6174590766967077,0.38254092330329226
WV,Berkeley,0.7678841879585374,0.2321158120414626
WV,Cabell,0.6633443516439151,0.33665564835608486
WV,Harrison,0.7492254140687756,0.2507745859312244
WV,Kanawha,0.6906123605636706,0.30938763943632946
WV,Monongalia,0.5830718801217514,0.4169281198782486
WV,Raleigh,0.7411286222674123,0.25887137773258767
WV,Wood,0.7969012193757691,0.2030987806242309
WI,Brown,0.6478022227262418,0.35219777727375823
WI,Chippewa,0.7246836624239483,0.2753163375760517
WI,Dane,0.5780243026516456,0.4219756973483544
WI,Dodge,0.7313288871741167,0.26867111282588324
WI,Eau Claire,0.6492266432386193,0.3507733567613807
WI,Fond du Lac,0.745989054679826,0.254010945320174
WI,Jefferson,0.7500569995440036,0.24994300045599635
WI,Kenosha,0.6664208818758295,0.33357911812417046
WI,La Crosse,0.6429695123165462,0.3570304876834538
WI,Manitowoc,0.7254451786314257,0.2745548213685743
WI,Marathon,0.7456832157870965,0.25431678421290344
WI,Milwaukee,0.5036334783300893,0.4963665216699107
WI,Outagamie,0.7043245838253039,0.29567541617469606
WI,Ozaukee,0.7842242142540947,0.21577578574590528
WI,Portage,0.7193773591208203,0.2806226408791796
WI,Racine,0.6700814488794455,0.32991855112055446
WI,Rock,0.7060816783546467,0.2939183216453533
WI,St. Croix,0.826756705448431,0.1732432945515689
WI,Sauk,0.7435692486557186,0.25643075134428134
WI,Sheboygan,0.7234498947709244,0.2765501052290756
WI,Walworth,0.7147565334447384,0.28524346655526156
WI,Washington,0.7758139699131295,0.22418603008687055
WI,Waukesha,0.7610195763934191,0.23898042360658092
WI,Winnebago,0.6558232821386378,0.3441767178613622
WI,Wood,0.7265286923800565,0.27347130761994354
WY,Laramie,0.666506586169045,0.333493413830955
WY,Natrona,0.7293015691353191,0.27069843086468093
PR,Arecibo Municipio,0.583745042098671,0.41625495790132905
PR,Bayamón Municipio,0.6880018076372675,0.3119981923627325
PR,Caguas Municipio,0.6696297230277812,0.3303702769722187
PR,Carolina Municipio,0.6740030544714067,0.32599694552859326
PR,Guaynabo Municipio,0.7416681898495096,0.25833181015049045
PR,Mayagüez Municipio,0.499471709112107,0.5005282908878931
PR,Ponce Municipio,0.715359849621053,0.28464015037894697
PR,San Juan Municipio,0.5153129945166157,0.4846870054833842
PR,Toa Alta Municipio,0.8328234056793192,0.16717659432068074
PR,Toa Baja Municipio,0.7289927854010468,0.27100721459895316
